table_name,column_name,data_type
acta,ide_act,int(5)
acta,num_acu,int(5)
acta,ide_pro,int(5)
acta,fec_acu,date
acta,doc_inv,text
acta,dep_inv,varchar(250)
acta,ext_inv,varchar(250)
acta,est_inv,varchar(250)
acta,tip_proy,varchar(50)
acta,convoc,varchar(300)
acta,coord,text
acta,ced_coord,text
acta,val_proy,varchar(50)
acta,vice,varchar(50)
acta,secre,varchar(50)
acta,gen_pro,char(2)
acta,gen_ext,char(2)
acta,gen_dir,char(2)
acta,Columna 19,int(11)
actividad,ide_act,int(5)
actividad,ide_pro,int(5)
actividad,num_act,int(5)
actividad,des_act,text
actividad,ini_act,int(2)
actividad,dur_act,int(2)
actividad,inv_act,char(15)
actividad2,ide_act,int(5)
actividad2,ide_pro,int(5)
actividad2,num_act,int(5)
actividad2,des_act,text
actividad2,ini_act,int(2)
actividad2,dur_act,int(2)
actividad2,inv_act,char(15)
actividad2,por_eje1,int(3)
actividad2,por_eje2,int(3)
actividad2,por_eje3,int(3)
actividad2,por_eje4,int(3)
actividad2,por_eje5,int(3)
actividad2,por_eje6,int(3)
actividad2,por_eje7,int(3)
actividad2,por_eje8,int(3)
actividad2,por_eje9,int(3)
actividad2,por_eje10,int(3)
actividad2,por_eje11,int(3)
actividad2,por_eje12,int(3)
acto,ide_acto,int(5)
acto,ide_sol,int(5)
acto,tip_acto,varchar(50)
acto,num_acto,char(10)
acto,fec_acto,date
acto,proveedor,varchar(50)
acto,ide_proveedor,varchar(15)
acto,tip_ideprov,char(5)
acto,cue_res,varchar(50)
acto,representante,varchar(50)
acto,ide_representante,varchar(15)
acto,matricula,varchar(50)
acto,camara,varchar(50)
acto,regimen,char(5)
acto,dir_prov,varchar(50)
acto,tel_prov,varchar(15)
acto,correo,varchar(50)
acto,plazo,int(5)
acto,nom_vice,varchar(50)
acto,ide_vice,varchar(15)
acto,tip_vic,varchar(15)
acto,val_acto,int(15)
acto,for_pag,text
acto,descripcion,text
acto,inv,varchar(50)
acto,dep_inv,varchar(50)
acto,proy,int(5)
acto,fec_ini,date
acto,fec_ter,date
acuerdo,ide_acu,int(5)
acuerdo,num_acu,int(5)
acuerdo,ide_pro,int(5)
acuerdo,fec_acu,date
acuerdo,doc_inv,text
acuerdo,dep_inv,text
acuerdo,ext_inv,varchar(250)
acuerdo,est_inv,varchar(250)
acuerdo,tip_proy,varchar(50)
acuerdo,convoc,varchar(300)
acuerdo,coord,text
acuerdo,ced_coord,text
acuerdo,val_proy,varchar(50)
acuerdo,vice,varchar(50)
acuerdo,secre,varchar(50)
acuerdo,gen_pro,char(2)
acuerdo,gen_ext,char(2)
acuerdo,gen_dir,char(2)
administrador,ide_adm,int(5)
administrador,ide_per,int(5)
administrador,est_adm,char(10)
administrador,tip_adm,char(2)
administrador,fec_ini,date
administrador,fec_ter,date
areaconocimiento,ide_are,int(3)
areaconocimiento,nom_are,varchar(250)
areaconocimiento,gra_are,varchar(3)
areaconocimiento,cod_are,char(2)
areagran,ide_are,int(2)
areagran,cod_are,int(5)
areagran,nom_are,char(100)
articulo,ide_art,int(5)
articulo,ide_per,int(5)
articulo,issn_rev,varchar(20)
articulo,vol_rev,int(3)
articulo,edi_rev,int(3)
articulo,fec_pub,date
articulo,nom_art,text
articulo,pag_ini,int(4)
articulo,pag_fin,int(4)
articulo,res_art,text
articulo,url_art,text
articulo,res_pro,int(5)
articulo,ide_com,int(5)
articulo,est_art,enum('Publicado'
articulo,aval_art,char(12)
asesor,ide_ase,int(5)
asesor,ide_pro,int(5)
asesor,ide_per,int(5)
asesor,tip_ase,char(1)
asesoria,ide_ase,int(5)
asesoria,ide_per,int(5)
asesoria,tip_tes,char(20)
asesoria,nom_tes,text
asesoria,pro_tes,int(2)
asesoria,val_tes,char(20)
asesoria,fec_sus,date
asesoria,aval_ase,enum('Sin
asesoria,tip_prg,enum('Interno'
asesoria,ins_ext,char(100)
asesoria,prg_ext,char(100)
asistencia,ide_asi,int(5)
asistencia,ide_per,int(5)
asistencia,tip_eve,char(15)
asistencia,nom_eve,varchar(250)
asistencia,cla_eve,char(15)
asistencia,fec_eve,date
asistencia,pai_eve,char(20)
asistencia,ciu_eve,text
asistencia,url_eve,text
asistencia,aval_asi,enum('Sin
autoresl,ide_aut,int(11)
autoresl,ide_lib,int(5)
autoresl,ide_per,int(5)
autoresl,aval_sol,char(12)
auxapr,est,char(1)
auxapr,estado,char(25)
auxiliar,ide_aux,int(5)
auxiliar,ide_per,int(5)
auxiliar,ide_pro,int(5)
auxiliar,fec_ini,date
auxiliar,fec_fin,date
auxiliar,ace_par,char(3)
auxprg,ide_pr,char(20)
auxprg,nom_prg,char(100)
auxtipo,ide_tip,char(1)
auxtipo,nom_tip,char(50)
banco,ide_ban,int(3)
banco,cod_ban,char(4)
banco,nom_ban,char(60)
beneficiarioa,ide_ben,int(5)
beneficiarioa,ide_mov,int(5)
beneficiarioa,nom_ben,char(60)
beneficiarioa,ced_ben,char(15)
cdp,ide_cdp,int(5)
cdp,ide_pro,int(5)
cdp,val_cdp,decimal(10
cdp,num_cdp,varchar(10)
cdp,fec_cdp,date
cdp,est_cdp,varchar(50)
centro,ide_cen,int(2)
centro,cod_cen,int(15)
centro,nom_cen,char(100)
cita,ide_cit,int(5)
cita,ide_per,int(5)
cita,ide_pub,char(20)
cita,nom_pub,char(200)
cita,pag_cit,int(10)
cita,fec_cit,date
cita,aval_cit,char(2)
cofinanciacion,ide_cof,int(5)
cofinanciacion,ide_pro,int(5)
cofinanciacion,ide_ent,int(5)
cofinanciacion,val_efe,int(10)
cofinanciacion,val_esp,int(10)
cofinanciacion,val_tot,int(10)
coinvestigador,ide_inv,int(5)
coinvestigador,ide_pro,int(5)
coinvestigador,ide_per,int(5)
coinvestigador,ide_gru,int(5)
coinvestigador,ace_par,char(2)
coinvestigador,fec_ini,date
coinvestigador,fec_fin,date
coinvestigadorex,ide_inv,int(5)
coinvestigadorex,ide_pro,int(5)
coinvestigadorex,ide_per,int(5)
coinvestigadorex,ide_gru,int(5)
coinvestigadorex,ace_par,char(2)
coinvestigadorex,fec_ini,date
coinvestigadorex,fec_fin,date
coinvestigadorm,ide_inv,int(5)
coinvestigadorm,ide_pro,int(5)
coinvestigadorm,ide_per,int(5)
coinvestigadorm,ide_gru,int(5)
coinvestigadorm,ace_par,char(2)
coinvestigadorm,fec_ini,date
coinvestigadorm,fec_fin,date
colaborador,ide_col,int(5)
colaborador,ide_per,int(5)
colaborador,ide_pro,int(5)
compromiso,ide_com,int(5)
compromiso,ide_pro,int(5)
compromiso,nom_com,char(60)
compromiso,cum_com,char(2)
compromiso,fec_cum,date
compromiso,pun_act,decimal(4
compromiso,res_cum,text
confirmacion,ide_conf,int(3)
confirmacion,ide_pro,int(5)
confirmacion,confirmacion,char(2)
confirmacion,fecha,date
contenidoproyecto,id_con,int(11)
contenidoproyecto,ide_pro,int(5)
contenidoproyecto,res_pro,text
contenidoproyecto,pla_pro,text
contenidoproyecto,fun_pro,text
contenidoproyecto,ant_pro,text
contenidoproyecto,gen_pro,text
contenidoproyecto,jus_pro,text
contenidoproyecto,met_pro,text
contenidoproyecto,iden_pro,text
contenidoproyecto,bib_pro,text
contenidoproyecto,bio_pro,text
contenidoproyecto,rut_doc,char(5)
contenidoproyecto,rut_doc2,char(5)
contenidoproyecto2,id_con,int(11)
contenidoproyecto2,ide_pro,int(5)
contenidoproyecto2,res_pro,text
contenidoproyecto2,pla_pro,text
contenidoproyecto2,fun_pro,text
contenidoproyecto2,ant_pro,text
contenidoproyecto2,gen_pro,text
contenidoproyecto2,jus_pro,text
contenidoproyecto2,met_pro,text
contenidoproyecto2,iden_pro,text
contenidoproyecto2,bib_pro,text
contenidoproyecto2,bio_pro,text
contenidoproyecto2,rut_doc,char(5)
contenidoproyecto2,rut_doc2,char(5)
contratista,ide_cont,int(5)
contratista,ide_mov,int(5)
contratista,nom_cont,varchar(70)
contratista,tip_idecont,char(5)
contratista,ced_cont,varchar(50)
contratista,gen_cont,char(5)
contratista,prof_cont,varchar(50)
contratista,lug_cont,varchar(50)
contratista,dir_cont,varchar(50)
contratista,tel_cont,varchar(50)
contratista,cor_cont,varchar(70)
contratista,cue_bancont,text
contratista,met_obj,varchar(15)
convocatoria,ide_conv,int(11)
convocatoria,nom_conv,text
convocatoria,tip_conv,char(11)
convocatoria,fec_ape,date
convocatoria,fec_cie,date
convocatoria,num_acu,varchar(4)
convocatoria,fec_acu,date
convocatoria,est_conv,char(8)
convocatoria,bolsa_conv,int(15)
correoi,ide_cor,int(5)
correoi,correo,text
correoi,clave,text
correoi,tip_adm,char(2)
departamento,ide_dep,int(5)
departamento,nom_dep,char(70)
departamento,ide_fac,int(2)
departamento,cod_dep,char(5)
departamento,are_dep,char(70)
departamentoc,ide_dep,int(3)
departamentoc,nom_dep,char(50)
disciplina,ide_dis,int(11)
disciplina,cod_dis,char(4)
disciplina,nom_dis,varchar(100)
disciplina,cod_are,char(2)
elemento,ide_ele,bigint(20)
elemento,ide_mov,int(5)
elemento,rubro,char(50)
elemento,des_ele,text
elemento,esp_ele,text
elemento,tip_val,char(1)
elemento,val_uni,decimal(11
elemento,can_ele,int(11)
elemento,tip_valn,char(1)
elemento,val_unin,decimal(11
elemento,comp,char(2)
elemento,rei_ele,int(11)
elemento,cla_ele,char(20)
elemento,dev_ele,char(15)
elemento,ido_ele,varchar(300)
entidad,ide_ent,int(5)
entidad,nom_ent,text
estudiante,ide_per,int(5)
estudiante,cod_est,bigint(10)
estudiante,ide_prg,int(10)
estudiante,estado,char(1)
estudiante,sn,char(2)
estudiante,aval_ccei,char(2)
estudianted,ide_per,int(5)
estudianted,cod_est,bigint(10)
estudianted,ide_prg,int(10)
estudianted,estado,char(1)
estudiantee,ide_per,int(5)
estudiantee,cod_est,bigint(10)
estudiantee,ide_prg,int(10)
estudiantee,estado,char(1)
estudiantem,ide_per,int(5)
estudiantem,cod_est,bigint(10)
estudiantem,ide_prg,int(10)
estudiantem,estado,char(1)
estudio,ide_est,int(5)
estudio,ide_per,int(5)
estudio,niv_est,int(1)
estudio,tit_est,char(200)
estudio,ins_est,char(100)
estudio,fec_est,date
estudio,aval_est,char(2)
evaluador,ide_pro,int(5)
evaluador,ide_per,int(5)
evaluador,fec_env,date
evaluador,ace_eva,char(2)
evaluador,men_eva,int(1)
evaluador,raz_ace,text
evaluador,est_eva,char(20)
evaluador,fec_est,date
evaluador,con_pla,text
evaluador,pun_pla,int(2)
evaluador,con_mar,text
evaluador,pun_mar,int(2)
evaluador,con_obj,text
evaluador,pun_obj,int(2)
evaluador,con_res,text
evaluador,pun_res,int(2)
evaluador,con_pro,text
evaluador,pun_pro,int(2)
evaluador,con_met,text
evaluador,pun_met,int(2)
evaluador2,ide_pro,int(5)
evaluador2,ide_per,int(5)
evaluador2,con_inn,text
evaluador2,pun_inn,int(2)
evaluador2,con_cro,text
evaluador2,pun_cro,int(2)
evaluador2,con_imp,text
evaluador2,pun_imp,int(2)
evaluador2,con_pre,text
evaluador2,pun_pre,int(2)
evaluador2,con_bib,text
evaluador2,pun_bib,int(2)
evaluador2,con_ben,text
evaluador2,pun_ben,int(2)
evaluador2,pun_int,char(2)
evaluador2,pun_tot,int(3)
evaluador2,aval_con,char(3)
evaluador2,pun_est,int(1)
evaluador2,apr_cor,char(1)
evaluadorinf,ide_inf,int(5)
evaluadorinf,ide_per,int(5)
evaluadorinf,fec_env,date
evaluadorinf,ace_eva,char(2)
evaluadorinf,men_eva,int(1)
evaluadorinf,raz_ace,text
evaluadorinf,est_eva,char(20)
evaluadorinf,fec_est,date
evaluadorinf,con_int,text
evaluadorinf,pun_int,int(2)
evaluadorinf,con_met,text
evaluadorinf,pun_met,int(2)
evaluadorinf,con_res,text
evaluadorinf,pun_res,int(2)
evaluadorinf,con_dis,text
evaluadorinf,pun_dis,int(2)
evaluadorinf,con_con,text
evaluadorinf,pun_con,int(2)
evaluadorinf,con_ref,text
evaluadorinf,pun_ref,int(2)
evaluadorinf,pun_tot,int(3)
evaluadorsug,ide_eva,int(5)
evaluadorsug,ide_pro,int(5)
evaluadorsug,nom_eva,varchar(100)
evaluadorsug,mov_eva,varchar(50)
evaluadorsug,cor_eva,varchar(50)
externo,ide_per,int(5)
externo,ide_are,int(3)
externo,estado,char(1)
externo,aval_ccei,char(2)
facultad,ide_fac,int(2)
facultad,nom_fac,char(40)
frmacidos,ide_frm,int(5)
frmacidos,ide_pro,int(5)
frmacidos,uno,char(3)
frmacidos,dos,char(3)
frmanimales,ide_frm,int(5)
frmanimales,ide_pro,int(5)
frmanimales,uno,char(3)
frmanimales,dos,char(3)
frmanimales,tres,char(3)
frmanimales,cuatro,char(3)
frmanimales,cinco,char(3)
frmcomunidades,ide_frm,int(5)
frmcomunidades,ide_pro,int(5)
frmcomunidades,uno,char(3)
frmcomunidades,dos,char(3)
frmcomunidades,tres,char(3)
frmcomunidades,cuatro,char(3)
frmembarazadas,ide_frm,int(5)
frmembarazadas,ide_pro,int(5)
frmembarazadas,uno,char(3)
frmembarazadas,dos,char(3)
frmembarazadas,tres,char(3)
frmembarazadas,cuatro,char(3)
frmembarazadas,cinco,char(3)
frmfarmacologia,ide_frm,int(5)
frmfarmacologia,ide_pro,int(5)
frmfarmacologia,uno,char(3)
frmfarmacologia,dos,char(3)
frmfarmacologia,tres,char(3)
frmfarmacologia,cuatro,char(3)
frmfarmacologia,cinco,char(3)
frmhumanos,ide_pro,int(5)
frmhumanos,tip_imp,char(3)
frmhumanos,rut_con,char(5)
frmhumanos,uno,char(3)
frmhumanos,dos,char(3)
frmhumanos,tres,char(3)
frmhumanos,cuatro,char(3)
frmhumanos,cinco,char(3)
frmhumanos,seis,char(3)
frmisotopos,ide_frm,int(5)
frmisotopos,ide_pro,int(5)
frmisotopos,uno,char(3)
frmisotopos,dos,char(3)
frmisotopos,tres,char(3)
frmisotopos,cuatro,char(3)
frmmenores,ide_frm,int(5)
frmmenores,ide_pro,int(5)
frmmenores,uno,char(3)
frmmenores,dos,char(3)
frmmenores,tres,char(3)
frmmenores,cuatro,char(3)
frmmenores,cinco,char(3)
frmmicroorganismos,ide_frm,int(5)
frmmicroorganismos,ide_pro,int(5)
frmmicroorganismos,uno,char(3)
frmmicroorganismos,dos,char(3)
frmmicroorganismos,tres,char(3)
frmmicroorganismos,cuatro,char(3)
frmmicroorganismos,cinco,char(3)
frmmicroorganismos,seis,char(3)
frmmicroorganismos,siete,char(3)
frmobservaciones,ide_frm,int(5)
frmobservaciones,ide_pro,int(5)
frmobservaciones,uno,text
frmorganos,ide_frm,int(5)
frmorganos,ide_pro,int(5)
frmorganos,uno,char(3)
frmprofilacticos,ide_frm,int(5)
frmprofilacticos,ide_pro,int(5)
frmprofilacticos,uno,char(3)
frmprofilacticos,dos,char(3)
frmprofilacticos,tres,char(3)
frmprofilacticos,cuatro,char(3)
frmprofilacticos,cinco,char(3)
frmprofilacticos,seis,char(3)
frmrecursos,ide_frm,int(5)
frmrecursos,ide_pro,int(5)
frmrecursos,uno,char(3)
frmrecursos,dos,char(3)
frmrecursos,tres,char(3)
frmrecursos,cuatro,char(3)
frmsubordinados,ide_frm,int(5)
frmsubordinados,ide_pro,int(5)
frmsubordinados,uno,char(3)
grupo,ide_gru,int(5)
grupo,cod_col,char(12)
grupo,nom_gru,char(150)
grupo,ide_cen,int(2)
grupo,ide_dep,int(5)
grupo,ide_dir,int(5)
grupo,gruplac,text
grupo,ide_are,int(10)
grupo,clas_gru,char(15)
grupo,fec_cre,date
grupo,sed_gru,char(10)
grupo,tip_gru,char(1)
grupo,est_gru,char(10)
historial,ide_his,int(5)
historial,ide_pro,int(3)
historial,est_pro,char(30)
historial,fec_est,datetime
idioma,PAI_PK,int(2)
idioma,nom_idi,char(80)
impacto,ide_imp,int(5)
impacto,ide_pro,int(5)
impacto,des_imp,text
impacto,tip_imp,char(200)
impacto2,ide_imp,int(5)
impacto2,ide_pro,int(5)
impacto2,des_imp,text
impacto2,tip_imp,char(200)
implicacioneseticas,ide_pro,int(5)
implicacioneseticas,rut_aval,char(5)
implicacioneseticas,come_imp,text
implicacioneseticas,rev_imp,char(3)
implicacioneseticas,rev_por,int(2)
implicacioneseticas,con_inv,char(2)
implicacioneseticas,aval_imp,char(3)
implicacioneseticas,num_acu,int(5)
implicacioneseticas,fec_acu,date
implicacioneseticas,rut_act,char(5)
imputacioncdp,ide_reg,int(5)
imputacioncdp,ide_cdp,int(5)
imputacioncdp,ide_acto,int(5)
imputacioncdp,val_imp,int(5)
indexrev,ide_idx,int(11)
indexrev,issn_rev,varchar(50)
indexrev,fec_ini,date
indexrev,fec_fin,date
indexrev,clas,char(3)
informefi,ide_inf,int(5)
informefi,ide_pro,int(5)
informefi,res_pro,text
informefi,int_pro,text
informefi,met_pro,text
informefi,resu_pro,text
informefi,dis_pro,text
informefi,con_pro,text
informefi,rec_pro,text
informefi,ref_pro,text
informefi,fec_inf,date
informefi,est_inf,char(20)
informefi,rut_adj,text
informefi,vb_ase,char(2)
informefi,estadoe,char(2)
informefi,puntaje,int(2)
informepi,ide_inf,int(5)
informepi,num_inf,int(2)
informepi,ide_pro,int(5)
informepi,log_obt,text
informepi,dif_pre,text
informepi,fec_inf,date
informepi,est_inf,char(20)
informepi,rut_adj,text
informepi,vb_ase,char(2)
integrantegrupo,ide_gru,int(5)
integrantegrupo,ide_per,int(5)
integrantegrupo,estado,char(1)
integrantesemillero,ide_sem,int(5)
integrantesemillero,ide_per,int(5)
integrantesemillero,estado,char(1)
integrantesetica,ide_int,int(2)
integrantesetica,nombre,char(50)
integrantesetica,ide_per,int(5)
integrantesetica,estado,char(1)
investigador,ide_per,int(5)
investigador,ide_dep,int(5)
investigador,vin_inv,char(6)
investigador,ide_are,int(3)
investigador,cat_inv,char(2)
investigador,est_inv,char(30)
investigador,aval_cat,char(2)
investigador,aval_est,char(2)
investigador,estado,char(1)
investigador,sn,char(2)
investigador,aval_ccei,char(2)
justificacionconsorcio,ide_pro,int(5)
justificacionconsorcio,jus_con,text
libro,ide_lib,int(5)
libro,ide_per,int(5)
libro,isbn_lib,char(20)
libro,nom_lib,char(250)
libro,vol_lib,int(3)
libro,edi_lib,int(3)
libro,pag_lib,int(5)
libro,fec_pub,date
libro,pai_pub,char(20)
libro,idi_lib,char(20)
libro,res_lib,text
libro,url_lib,text
libro,ide_com,int(5)
libro,res_pro,int(5)
libro,est_lib,char(20)
libro,aval_lib,char(12)
linea,ide_lin,int(5)
linea,ide_gru,int(5)
linea,dir_lin,int(5)
linea,nom_lin,text
linea,dep_lin,int(5)
linea,est_lin,char(10)
linea,aval_lin,char(2)
lineaproyecto,ide_lin,int(5)
lineaproyecto,ide_pro,int(5)
lineaproyecto,tip_lin,char(2)
lineaproyecto,aval_lin,char(2)
monitorg,ide_mon,int(5)
monitorg,ide_per,int(5)
monitorg,ide_gru,int(5)
monitorg,promedio,char(5)
monitorg,con_mon,char(20)
monitorg,est_mon,char(20)
monitorg,fec_est,date
monitoria,ide_mon,int(5)
monitoria,ide_mov,int(5)
monitoria,tip_mon,text
monitoria,sem1,int(5)
monitoria,sem2,int(5)
monitoria,dep,text
monitoria,ced_mon,int(15)
monitoria,nom_mon,varchar(50)
monitoria,cod_mon,int(15)
monitoria,mod_mon,char(10)
movimiento,ide_mov,int(6)
movimiento,ide_pro,int(5)
movimiento,tip_mov,char(50)
movimiento,url_mov,text
movimiento,rut_mov,text
movimiento,rut_doc,text
movimiento,est_mov,char(20)
movimiento,fec_env,datetime
movimiento,fec_reg,datetime
movimiento,fec_dev,datetime
movimiento,fec_adm,datetime
movimiento,jus_mov,text
movimiento,res_mov,int(5)
movimiento,fec_ini,date
movimiento,fec_ter,date
movimiento,val_mov,decimal(11
movimiento,val_movN,decimal(11
movimiento,for_pag,char(2)
movimiento,vb_asi,char(15)
movimiento,vb_por,int(5)
movimiento,det_mov,text
movimiento,num_mov,bigint(20)
movimiento,fec_mov,date
movimiento,ide_provS,int(5)
movimiento,med_solS,char(2)
movimiento,ide_provN,int(5)
movimiento,med_solN,char(2)
movimiento,tip_ele,char(1)
movimiento,plazo,int(3)
movimiento,num_acto,char(15)
movimiento,fec_acto,date
movimiento,num_prov,char(2)
municipio,ide_mun,int(5)
municipio,nom_mun,char(50)
municipio,ide_dep,int(3)
novedadarticulo,ide_nov,int(5)
novedadarticulo,ide_art,int(5)
novedadarticulo,des_nov,text
novedadarticulo,fec_nov,date
novedadasesoria,ide_nov,int(5)
novedadasesoria,ide_ase,int(5)
novedadasesoria,des_nov,text
novedadasesoria,fec_nov,date
novedadasistencia,ide_nov,int(5)
novedadasistencia,ide_asi,int(5)
novedadasistencia,des_nov,text
novedadasistencia,fec_nov,date
novedadifi,ide_nov,int(5)
novedadifi,ide_inf,int(5)
novedadifi,des_nov,text
novedadifi,fec_nov,date
novedadifiase,ide_nov,int(5)
novedadifiase,ide_inf,int(5)
novedadifiase,des_nov,text
novedadifiase,fec_nov,date
novedadipi,ide_nov,int(5)
novedadipi,ide_inf,int(5)
novedadipi,des_nov,text
novedadipi,fec_nov,date
novedadipiase,ide_nov,int(5)
novedadipiase,ide_inf,int(5)
novedadipiase,des_nov,text
novedadipiase,fec_nov,date
novedadlibro,ide_nov,int(5)
novedadlibro,ide_lib,int(5)
novedadlibro,des_nov,text
novedadlibro,fec_nov,date
novedadmovimiento,ide_nov,int(5)
novedadmovimiento,ide_mov,int(5)
novedadmovimiento,des_nov,text
novedadmovimiento,fec_nov,date
novedadponencia,ide_nov,int(5)
novedadponencia,ide_pon,int(5)
novedadponencia,des_nov,text
novedadponencia,fec_nov,date
novedadproyecto,ide_nov,int(5)
novedadproyecto,ide_pro,int(5)
novedadproyecto,nom_nov,text
novedadproyecto,fec_nov,date
novedadproyecto,tip_nov,char(2)
novedadproyecto,rev_nov,char(2)
novedadproyectoad,ide_nov,int(5)
novedadproyectoad,ide_pro,int(5)
novedadproyectoad,nom_nov,text
novedadproyectoad,fec_nov,date
novedadproyectof,ide_nov,int(5)
novedadproyectof,ide_pro,int(5)
novedadproyectof,ide_ase,int(5)
novedadproyectof,fec_nov,date
novedadproyectof,rev_nov,char(2)
novedadsolicitud,ide_nov,int(5)
novedadsolicitud,ide_sol,int(5)
novedadsolicitud,des_nov,text
novedadsolicitud,fec_nov,date
objetivoespecifico,ide_obj,int(5)
objetivoespecifico,ide_pro,int(5)
objetivoespecifico,obj_esp,text
objetivoespecifico,res_obj,text
objetivoespecifico2,ide_obj,int(5)
objetivoespecifico2,ide_pro,int(5)
objetivoespecifico2,obj_esp,text
objetivoespecifico2,res_obj,text
objetivoespecifico2,cum_inf1,char(2)
objetivoespecifico2,cum_inf2,char(2)
objetivoespecifico2,cum_inf3,char(2)
objetivoespecifico2,cum_inf4,char(2)
objetivoespecifico2,cum_inf5,char(2)
objetivoespecifico2,cum_inf6,char(2)
objetivoespecifico2,cum_inf7,char(2)
objetivoespecifico2,cum_inf8,char(2)
objetivoespecifico2,cum_inf9,char(2)
objetivoespecifico2,cum_inf10,char(2)
objetivoespecifico2,cum_inf11,char(2)
objetivoespecifico2,cum_inf12,char(2)
pais,PAI_PK,int(11)
pais,PAI_ISONUM,smallint(6)
pais,PAI_ISO2,char(2)
pais,PAI_ISO3,char(3)
pais,pais_nom,varchar(80)
palabra,ide_pal,int(5)
palabra,ide_pro,int(5)
palabra,nom_pal,varchar(50)
pendiente,ide_pen,int(5)
pendiente,ide_pro,int(5)
pendiente,num_res,char(5)
pendiente,fec_res,date
pendiente,det_pen,text
pendiente,fec_ini,date
persona,ide_per,int(5)
persona,ced_per,char(15)
persona,nom_per,char(30)
persona,ape_per,char(30)
persona,dir_per,char(150)
persona,fij_per,int(7)
persona,mov_per,bigint(10)
persona,cor_peru,char(50)
persona,cor_per,char(50)
persona,ide_ban,int(3)
persona,tip_cue,char(10)
persona,num_cue,char(20)
persona,gen_per,char(1)
persona,cvlac,text
pines,Tip_per,char(1)
pines,nro_pin,varchar(10)
pines,ced_pin,int(11)
pines,cod_pin,int(10)
pines,fec_pin,date
pines,est_pin,int(1)
plancompras,ide_plan,int(5)
plancompras,ide_pro,int(5)
plancompras,mes1,int(7)
plancompras,mes2,int(7)
plancompras,mes3,int(7)
plancompras,mes4,int(7)
plancompras,mes5,int(7)
plancompras,mes6,int(7)
plancompras,mes7,int(7)
plancompras,mes8,int(7)
plancompras,mes9,int(7)
plancompras,mes10,int(7)
plancompras,mes11,int(7)
plancompras,mes12,int(7)
plancompras,mes13,int(7)
plancompras,mes14,int(7)
plancompras,mes15,int(7)
plancompras,mes16,int(7)
plancompras,mes17,int(7)
plancompras,mes18,int(7)
plancompras,mes19,int(7)
plancompras,mes20,int(7)
plancompras,mes21,int(7)
plancompras,mes22,int(7)
plancompras,mes23,int(7)
plancompras,mes24,int(7)
poliza,ide_pol,int(5)
poliza,ide_pro,int(5)
poliza,obs_pol,text
poliza,est_pol,char(10)
poliza,ide_prr,int(11)
ponencia,ide_pon,int(5)
ponencia,ide_per,int(5)
ponencia,tip_eve,char(50)
ponencia,nom_pon,text
ponencia,nom_eve,char(200)
ponencia,cla_eve,char(15)
ponencia,fec_eve,date
ponencia,pai_eve,char(20)
ponencia,ciu_eve,text
ponencia,res_pon,text
ponencia,url_eve,text
ponencia,ide_com,int(5)
ponencia,res_pro,int(5)
ponencia,aval_pon,char(12)
premio,ide_rec,int(5)
premio,ide_per,int(5)
premio,nom_rec,text
premio,ins_rec,text
premio,fec_rec,date
premio,aval_rec,char(2)
presupuestoequipo,ide_equ,int(5)
presupuestoequipo,ide_pro,int(5)
presupuestoequipo,des_equ,char(250)
presupuestoequipo,val_equ,int(8)
presupuestoequipo,can_equ,int(5)
presupuestoequipo,tot_equ,int(8)
presupuestoequipo,tip_equ,char(1)
presupuestoequipo,tipo,char(3)
presupuestomovilidad,ide_mov,int(5)
presupuestomovilidad,ide_pro,int(5)
presupuestomovilidad,nom_eve,char(100)
presupuestomovilidad,cos_eve,int(8)
presupuestomovilidad,tra_eve,int(5)
presupuestomovilidad,via_eve,int(5)
presupuestomovilidad,tot_mov,int(8)
presupuestopublicacion,ide_pub,int(5)
presupuestopublicacion,ide_pro,int(5)
presupuestopublicacion,des_pub,char(250)
presupuestopublicacion,val_pub,int(8)
presupuestopublicacion,tip_p,char(1)
presupuestos,ide_pro,int(5)
presupuestos,matpri,decimal(11
presupuestos,eqlab,decimal(11
presupuestos,salcam,decimal(11
presupuestos,bib,decimal(11
presupuestos,pap,decimal(11
presupuestos,sweq,decimal(11
presupuestos,mov,decimal(11
presupuestos,pub,decimal(11
presupuestos,cap,decimal(11
presupuestos,servnocal,decimal(11
presupuestos,servlab,decimal(11
presupuestos,respel,decimal(11
presupuestos,ops,decimal(11
presupuestos,monit,decimal(11
presupuestosalida,ide_sal,int(5)
presupuestosalida,ide_pro,int(5)
presupuestosalida,tip_per,char(2)
presupuestosalida,lug_sal,int(5)
presupuestosalida,pas_per,int(8)
presupuestosalida,num_inv,int(5)
presupuestosalida,num_via,int(8)
presupuestosalida,sub_pas,int(8)
presupuestosalida,est_sal,int(8)
presupuestosalida,num_dia,int(4)
presupuestosalida,sub_est,int(8)
presupuestosalida,tot_sal,int(8)
presupuestoservicio,ide_ser,int(5)
presupuestoservicio,ide_pro,int(5)
presupuestoservicio,pro_ser,char(100)
presupuestoservicio,act_ser,text
presupuestoservicio,tie_ser,char(100)
presupuestoservicio,uni_tie,char(10)
presupuestoservicio,val_ser,int(8)
presupuestoservicio,tip_ser,char(1)
programa,ide_prg,int(2)
programa,nom_prg,char(200)
programa,ide_dep,int(5)
programa,tip_prg,char(1)
programam,ide_prg,int(2)
programam,nom_prg,char(200)
programamonitor,ide_prgmon,int(5)
programamonitor,ide_sol,int(5)
programamonitor,ide_prg,int(5)
programamonitor,nom_prg,varchar(80)
prorroga,ide_prr,int(5)
prorroga,tip_prr,char(1)
prorroga,ide_pro,int(3)
prorroga,tip_act,char(12)
prorroga,num_act,char(10)
prorroga,fec_acu_prr,date
prorroga,nue_fec_ter,date
prorroga,jus_prr,text
prorroga,obs_prr,text
prorroga,est_prr,char(1)
prorroga,tie_prr,int(2)
prorroga,tip,char(1)
prorroga,vi_bue,char(2)
prorrogae,ide_prr,int(5)
prorrogae,tip_prr,char(1)
prorrogae,ide_pro,int(3)
prorrogae,tip_act,char(12)
prorrogae,num_act,char(10)
prorrogae,fec_acu_prr,date
prorrogae,nue_fec_ter,date
prorrogae,jus_prr,text
prorrogae,obs_prr,text
prorrogae,est_prr,char(1)
prorrogae,tie_prr,int(2)
prorrogae,tip,char(1)
prorrogae,vi_bue,char(2)
proveedor,ide_prov,int(5)
proveedor,tip_ide,char(3)
proveedor,nit_prov,char(15)
proveedor,raz_prov,char(100)
proveedor,dir_prov,char(100)
proveedor,rep_leg,char(50)
proveedor,ced_rep,char(15)
proveedor,tel_prov,bigint(10)
proveedor,cor_prov,char(50)
proveedor,tip_per,char(30)
proveedor,reg_prov,char(30)
proveedor,vin_prov,char(2)
proveedor,pro_prov,char(50)
proveedor,per_prov,text
proveedor,vb,int(2)
proyecto,ide_pro,int(5)
proyecto,tit_pro,text
proyecto,tip_pro,char(2)
proyecto,con_pro,char(2)
proyecto,tip_inv,char(20)
proyecto,prg_nal,char(50)
proyecto,ide_per,int(5)
proyecto,cla_pro,char(1)
proyecto,ide_conv,int(11)
proyecto,ide_dep,int(5)
proyecto,fec_ins_pro,datetime
proyecto,fec_rev_pro,date
proyecto,rev_por,int(10)
proyecto,tip_fin,char(20)
proyecto,obj_con,text
proyecto,fec_sus_con,date
proyecto,val_sol,bigint(20)
proyecto,pun_ant,decimal(10
proyecto,ter_eva,char(2)
proyecto,acu_apr_pro,int(3)
proyecto,fec_apr,date
proyecto,val_pro,bigint(20)
proyecto,val_uefe,int(10)
proyecto,val_uesp,int(10)
proyecto,sal_pro,decimal(11
proyecto,act_cum_pro,int(3)
proyecto,fec_act_cum,date
proyecto,dur_pro,int(2)
proyecto,fec_ter_pry,date
proyecto,acu_ter_pro,int(3)
proyecto,fec_ter_pro,date
proyecto,est_pro,char(30)
proyecto,val_con,int(10)
proyecto,reg_por,int(10)
proyecto,edi_por,int(10)
proyecto,res_cam,text
proyecto,conf,char(2)
proyecto,dis,char(5)
proyecto,hab_prr,char(1)
proyecto,hab_prre,char(1)
proyectosemillero,ide_sem,int(5)
proyectosemillero,ide_pro,int(5)
proyectosemillero,aval_sem,char(2)
puntaje,ide_pun,int(5)
puntaje,ide_per,int(5)
puntaje,pun_pun,int(4)
puntaje,esc_inv,char(15)
puntaje,aval_pun,char(2)
restriccion,ide_res,int(5)
restriccion,nom_res,char(50)
restriccion,est_res,char(10)
restriccion,raz_res,text
revista,issn_rev,varchar(20)
revista,nom_rev,char(100)
revista,idx_rev,char(2)
revista,tip_rev,char(15)
revista,pai_pub,char(50)
revista,idi_rev,char(20)
revista,url_rev,text
revista,aval_rev,char(2)
rubros,cod_rub,char(50)
rubros,nom_rub,varchar(100)
rubrosdestino,cod_rub,char(50)
rubrosdestino,nom_rubd,varchar(100)
secretaria,ide_sec,int(11)
secretaria,ide_per,int(5)
secretaria,est_sec,char(15)
secretaria,fec_ini,date
secretaria,fec_ter,date
semillero,ide_sem,int(5)
semillero,nom_sem,char(150)
semillero,ide_dep,int(5)
semillero,ide_dir,int(5)
semillero,fec_cre,date
semillero,sed_sem,char(10)
semillero,est_sem,char(10)
semillero,obj_sem,text
semillero,mis_sem,text
semillero,vis_sem,text
smonitor,ide_sol,int(5)
smonitor,ide_gru,int(5)
smonitor,pro_mon,int(2)
smonitor,sem_mon,char(1)
smonitor,est_inv,char(2)
smonitor,fec_sol,date
smonitor,est_mon,char(20)
solicitud,ide_sol,int(5)
solicitud,ide_pro,int(5)
solicitud,tip_sol,char(50)
solicitud,rut_sol,text
solicitud,url_sol,text
solicitud,est_sol,char(20)
solicitud,fec_env,date
solicitud,fec_dev,date
solicitud,fec_adm,date
solicitud,fec_pag,date
solicitud,jus_sol,text
solicitud,res_sol,int(5)
solicitud,fec_ini,date
solicitud,fec_ter,date
solicitud,val_tot,int(10)
solicitud,for_pag,char(250)
solicitud,vb_asi,char(15)
solicitud,vb_por,int(5)
solicitudc,ide_sol,int(5)
solicitudc,ide_pro,int(5)
solicitudc,tip_sol,char(50)
solicitudc,rut_sol,text
solicitudc,url_sol,text
solicitudc,est_sol,char(20)
solicitudc,fec_env,date
solicitudc,fec_dev,date
solicitudc,fec_adm,date
solicitudc,fec_pag,date
solicitudc,jus_sol,text
solicitudc,res_sol,int(5)
solicitudc,fec_ini,date
solicitudc,fec_ter,date
solicitudc,val_tot,int(10)
solicitudc,for_pag,char(250)
solicitudc,vb_asi,char(15)
solicitudc,vb_por,int(5)
solicitudcr,ide_sol,int(5)
solicitudcr,ide_pro,int(5)
solicitudcr,rubro_orig,char(50)
solicitudcr,rubro_dest,char(50)
solicitudcr,val_tras,bigint(15)
solicitudcr,mot_tras,text
solicitudcr,jus_tras,text
solicitudcr,obs_tras,text
solicitudcr,fec_env,date
solicitudcr,est_sol,char(20)
solicitude,ide_ele,int(5)
solicitude,ide_sol,int(5)
solicitude,rubro,char(50)
solicitude,des_ele,text
solicitude,val_uni,int(10)
solicitude,can_ele,int(10)
solicitude,val_ele,int(10)
solicitude,comp,char(15)
solicitudec,ide_ele,int(5)
solicitudec,ide_sol,int(5)
solicitudec,rubro,char(50)
solicitudec,des_ele,text
solicitudec,val_uni,int(10)
solicitudec,can_ele,int(10)
solicitudec,val_ele,int(10)
sugerencia,ide_sug,int(5)
sugerencia,ide_per,int(5)
sugerencia,fec_sug,date
sugerencia,con_sug,text
sugerencia,res_sug,text
sugerencia,fec_res,date
temporalbeneficiarioa,ide_ben,int(5)
temporalbeneficiarioa,ide_sol,int(5)
temporalbeneficiarioa,nom_ben,char(60)
temporalbeneficiarioa,ced_ben,char(15)
temporalcontratista,ide_cont,int(5)
temporalcontratista,ide_sol,int(5)
temporalcontratista,rubro,char(50)
temporalcontratista,nom_cont,varchar(70)
temporalcontratista,tip_idecont,char(5)
temporalcontratista,ced_cont,varchar(50)
temporalcontratista,gen_cont,char(5)
temporalcontratista,prof_cont,varchar(50)
temporalcontratista,lug_cont,varchar(50)
temporalcontratista,dir_cont,varchar(50)
temporalcontratista,tel_cont,varchar(50)
temporalcontratista,cor_cont,varchar(70)
temporalcontratista,cue_bancont,text
temporalcontratista,met_obj,varchar(15)
temporalelemento,ide_ele,bigint(20)
temporalelemento,ide_mov,int(5)
temporalelemento,cla_ele,char(20)
temporalelemento,des_ele,text
temporalelemento,fcom_ele,date
temporalelemento,val_ele,int(11)
temporalelemento,dev_ele,char(15)
temporalmonitoria,ide_mon,int(5)
temporalmonitoria,ide_sol,int(5)
temporalmonitoria,tip_mon,text
temporalmonitoria,sem1,int(5)
temporalmonitoria,sem2,int(5)
temporalmonitoria,dep,text
temporalmonitoria,ced_mon,int(15)
temporalmonitoria,nom_mon,varchar(50)
temporalmonitoria,cod_mon,int(15)
temporalmonitoria,mod_mon,char(10)
temporalmovimiento,ide_mov,int(6)
temporalmovimiento,ide_pro,int(5)
temporalmovimiento,tip_mov,char(50)
temporalmovimiento,num_mov,bigint(20)
temporalmovimiento,fec_mov,date
temporalmovimiento,val_mov,int(10)
temporalmovimiento,det_mov,text
temporalnovedadsolicitud,ide_nov,int(5)
temporalnovedadsolicitud,ide_sol,int(5)
temporalnovedadsolicitud,des_nov,text
temporalnovedadsolicitud,fec_nov,date
temporalpresupuestos,ide_pro,int(5)
temporalpresupuestos,matpri,int(8)
temporalpresupuestos,eqlab,int(8)
temporalpresupuestos,salcam,int(8)
temporalpresupuestos,bib,int(8)
temporalpresupuestos,pap,int(8)
temporalpresupuestos,sweq,int(8)
temporalpresupuestos,mov,int(8)
temporalpresupuestos,pub,int(8)
temporalpresupuestos,cap,int(8)
temporalpresupuestos,servnocal,int(8)
temporalpresupuestos,servlab,int(8)
temporalpresupuestos,respel,int(8)
temporalpresupuestos,ops,int(8)
temporalpresupuestos,monit,int(8)
temporalsolicitud,ide_sol,int(5)
temporalsolicitud,ide_pro,int(5)
temporalsolicitud,tip_sol,char(50)
temporalsolicitud,rut_sol,text
temporalsolicitud,url_sol,text
temporalsolicitud,est_sol,char(20)
temporalsolicitud,fec_env,date
temporalsolicitud,fec_dev,date
temporalsolicitud,fec_adm,date
temporalsolicitud,fec_pag,date
temporalsolicitud,jus_sol,text
temporalsolicitud,res_sol,int(5)
temporalsolicitud,fec_ini,date
temporalsolicitud,fec_ter,date
temporalsolicitud,val_tot,int(10)
temporalsolicitud,for_pag,char(250)
temporalsolicitud,vb_asi,char(15)
temporalsolicitud,vb_por,int(5)
temporalsolicitude,ide_ele,int(5)
temporalsolicitude,ide_sol,int(5)
temporalsolicitude,rubro,char(50)
temporalsolicitude,des_ele,text
temporalsolicitude,val_uni,int(10)
temporalsolicitude,can_ele,int(10)
temporalsolicitude,val_ele,int(10)
temporalsolicitude,comp,char(15)
temporalsolicitudpre,ide_solp,int(5)
temporalsolicitudpre,ide_sol,int(5)
temporalsolicitudpre,ide_pro,int(5)
temporalsolicitudpre,rubro_orig,char(50)
temporalsolicitudpre,rubro_dest,char(50)
temporalsolicitudpre,val_tras,bigint(15)
temporalsolicitudpre,mot_tras,text
temporalsolicitudpre,jus_tras,text
temporalsolicitudpre,obs_tras,text
temporaltiquetes,ide_tiq,int(5)
temporaltiquetes,ide_sol,int(5)
temporaltiquetes,rubro,char(50)
temporaltiquetes,ida_reg,char(3)
temporaltiquetes,orig,text
temporaltiquetes,dest,text
tiempoa,ide_tie,int(5)
tiempoa,ide_pro,int(5)
tiempoa,acu_tie,int(2)
tiempoa,fec_tie,date
tiempoa,des_tie,text
tiempoa,dur_tie,int(2)
tiquetes,ide_tiq,int(5)
tiquetes,ide_mov,int(5)
tiquetes,rubro,char(50)
tiquetes,ida_reg,char(3)
tiquetes,orig,text
tiquetes,dest,text
usuario,ide_usu,int(5)
usuario,ide_per,int(5)
usuario,usuario,char(50)
usuario,tip_usu,char(2)
usuario,clave3,char(130)
usuario,clave2,char(130)
usuario,clave,char(130)
usuario,est_usu,char(1)
valores,ide_val,int(5)
valores,nom_val,char(50)
valores,val_val,int(10)
vicerrector,ide_vic,int(11)
vicerrector,ide_per,int(5)
vicerrector,tip_vic,char(15)
vicerrector,est_vic,char(15)
vicerrector,fec_ini,date
vicerrector,fec_ter,date
vicerrector,cla_vic,varchar(100)
vicerrector,num_res,char(4)
vicerrector,fec_res,date
